{
    "chart": {
        "type": "column",
        "backgroundColor":""
    },
    "title": {
        "text": "Title",
        "align": "center"
    },
    "subtitle": {
        "text": "Subtitle",
        "align": "center",
        "backgroundColor":null
    },
    "xAxis": {
        "title": {
            "text": ""
        },
        "crosshair": true
    },
    "yAxis": [{
        "title": {
            "text": ""
        },
        "labels": {
            "format": "{value}"
        }
    },{
        "title": {
            "text": ""
        },
        "labels": {
            "format": "{value}" 
        },
        "opposite": true
    }],
    "tooltip": {
        "shared": true
    },
    "legend" : {
        "align" : "center",
        "verticalAlign" : "bottom",
        "layout":"horizontal"
    }
}