<?xml version="1.0" encoding="UTF-8"?>
<beans xmlns="http://www.springframework.org/schema/beans"
	xmlns:context="http://www.springframework.org/schema/context"
	xmlns:xsi="http://www.w3.org/2001/XMLSchema-instance" xmlns:ws="http://jax-ws.dev.java.net/spring/core"
	xmlns:wss="http://jax-ws.dev.java.net/spring/servlet"
	xmlns:pen="http://www.pentaho.com/schema/pentaho-system"
	xsi:schemaLocation="http://www.springframework.org/schema/beans http://www.springframework.org/schema/beans/spring-beans-2.5.xsd
                           http://www.springframework.org/schema/context http://www.springframework.org/schema/context/spring-context-2.5.xsd
                           http://www.springframework.org/schema/util http://www.springframework.org/schema/util/spring-util-2.5.xsd
                           http://jax-ws.dev.java.net/spring/core http://jax-ws.dev.java.net/spring/core.xsd
                           http://jax-ws.dev.java.net/spring/servlet http://jax-ws.dev.java.net/spring/servlet.xsd
                           http://www.pentaho.com/schema/pentaho-system http://www.pentaho.com/schema/pentaho-system.xsd">

  <context:annotation-config />

  <bean id="contentAccessFactory" scope="prototype" class="pt.webdetails.cpf.PentahoPluginEnvironment" />
    
     <bean id="api" class="org.pentaho.platform.web.servlet.JAXRSPluginServlet"/>
    
	 <bean class="com.specindia.pRepository.ws.RepositoryWS"   scope="prototype" />
	 
  	<!-- <bean id="pin.editor" class="org.pentaho.platform.plugin.services.webservices.content.PluginFileContentGenerator" scope="prototype">
      <property name="mimeType" value="text/html" />
      <property name="relativeFilePath" value="resources/SelfServiceBI/Forward.html" />
      <property name="pluginId" value="SelfServiceBI" />
    </bean> 

	
    <bean id="pin.run" class="org.pentaho.platform.plugin.services.webservices.content.PluginFileContentGenerator" scope="prototype">
        <property name="mimeType" value="text/html" />
        <property name="relativeFilePath" value="resources/SelfServiceBI/Forward.html" />
        <property name="pluginId" value="SelfServiceBI" />
    </bean>
    
    <bean id="pin" class="org.pentaho.platform.plugin.services.webservices.content.PluginFileContentGenerator" scope="prototype">
        <property name="mimeType" value="text/html" />
        <property name="relativeFilePath" value="resources/SelfServiceBI/Forward.html" />
        <property name="pluginId" value="SelfServiceBI" />
    </bean> -->
    
    <bean id="pinb.editor" class="org.pentaho.platform.plugin.services.webservices.content.PluginFileContentGenerator" scope="prototype">
      <property name="mimeType" value="text/html" />
      <property name="relativeFilePath" value="resources/SelfServiceBI/Pinb_Forward.html" />
      <property name="pluginId" value="SelfServiceBI" />
    </bean> 

	
    <bean id="pinb.run" class="org.pentaho.platform.plugin.services.webservices.content.PluginFileContentGenerator" scope="prototype">
        <property name="mimeType" value="text/html" />
        <property name="relativeFilePath" value="resources/SelfServiceBI/Pinb_Forward.html" />
        <property name="pluginId" value="SelfServiceBI" />
    </bean>
    
    <bean id="pinb" class="org.pentaho.platform.plugin.services.webservices.content.PluginFileContentGenerator" scope="prototype">
        <property name="mimeType" value="text/html" />
        <property name="relativeFilePath" value="resources/SelfServiceBI/Pinb_Forward.html" />
        <property name="pluginId" value="SelfServiceBI" />
    </bean>
  
    <bean class="org.pentaho.platform.engine.core.solution.ContentInfo">
      	<property name="mimeType" value="text/xml"/>	
      	<property name="extension" value=".pinb"/>	
      	<property name="canImport" value="true"/>
      	<property name="canExport" value="true"/>		
      	<pen:publish as-type="INTERFACES"/>
    </bean>
</beans>
