{
"filterComponent" : [
	{
		"componentName" : "textbox",
		"displayName" : "Textbox",
		"properties" : {
			"defaultValue" : "",
			"baseFolder" : "",
			"js" : [],
			"css" : [],
			"datasourceFlag" : false,
			"dataSource" : ""
		}
	},
	{
		"componentName" : "combobox",
		"displayName" : "Combobox",
		"properties" : {
			"defaultValue" : "",
			"baseFolder" : "",
			"js" : [],
			"css" : [],
			"datasourceFlag" : true,
			"dataSource" : ""
		}
	},
	{
		"componentName" : "multiSelect",
		"displayName" : "Multiselect",
		"properties" : {
			"defaultValue" : "",
			"baseFolder" : "",
			"js" : [],
			"css" : [],
			"datasourceFlag" : true,
			"dataSource" : ""
		}	
	},
	{
		"componentName" : "datePicker",
		"displayName" : "Date Picker",
		"properties" : {
			"defaultValue" : "",
			"baseFolder" : "",
			"js" : [],
			"css" : [],
			"datasourceFlag" : false,
			"dataSource" : ""
		}	
	}
]
}