  {
    "chart": {
        "type": "variablepie",
        "backgroundColor" : null
    },
    "title": {
        "text": "",
        "align": "center",
        "style": {
         "color": ""
        }
    },  
    "subtitle": {
        "text": "",
        "align": "center",
        "style": {
         "color": ""
        }
    },
    "tooltip": {
        "headerFormat": "",
        "pointFormat" : "<span style='color:{point.color}'>\u25CF</span> <b> {point.name}</b><br/> Area (square km): <b>{point.y}</b><br/> Population density (people per square km): <b>{point.z}</b><br/>",
        "style": {
            "color": ""
        }
    },
     "xAxis": {
        "labels": {
            "style": {
                "color": ""
            }
        },
        "title":{
          "style": {
                "color": ""
            }  
        }
    },
    "yAxis": {
        "labels": {
            "style": {
                "color": ""
            }
        },
        "title":{
          "style": {
                "color": ""
            }  
        }
    },
    "legend": {
        "align": "right",
        "verticalAlign": "top",
        "y": 70,
        "layout": "vertical",
        "navigation": {
            "activeColor": "",
            "inactiveColor": "",
            "style": {
                "color": ""
            }
        },
        "itemStyle":{
            "color" : ""
        }
    },
    "series": [{
        "minPointSize": 10,
        "innerSize": "20%",
        "zMin": 0,
        "data":[]
    }],
    "plotOptions": {
        "variablepie": {
            "turboThreshold": 0,
            "allowPointSelect": true,
            "cursor": "pointer",
            "dataLabels": {
                "enabled": false
            },
            "showInLegend": true
        }
    }
}
