{
    "chart": {
        "type": "column",
        "inverted" : false,
        "backgroundColor": null,
        "height": "180"
    },
    "title": {
        "text" : "",
        "align": "left"
    },
    "xAxis": {
        "labels" : {
            "enabled": true
        },
        "minorTickLength" : 0,
        "tickLength" : 0
    },
    "yAxis": {
        "min": 0,
        "title": {
            "text": ""
        },
        "gridLineColor": "transparent"
    },
    "legend" : {
        "enabled":true,
        "align" : "center",
        "verticalAlign" : "bottom",
        "layout":"horizontal"
    },
    "plotOptions": {
       "column": {
            "pointPadding": 0.2,
            "borderWidth": 0
        },
        "series": {
            "stacking": "normal"
        }
    }
}