{
    "chart": {
        "type": "line",
        "backgroundColor":null
    },
    "title": {
        "text": "",
        "align": "center"
    },
    "subtitle": {
        "text": "",
        "align": "center"
    },
    "xAxis": {
        "title": {
            "text": ""
        }
    },
    "yAxis": {
        "min": 0,
        "title": {
            "text": ""
        }
    },
    "legend" : {
        "enabled":false,
        "align" : "center",
        "verticalAlign" : "bottom",
        "layout":"horizontal"
    },
    "plotOptions": {
        "column": {
            "pointPadding": 0.2,
            "borderWidth": 0
        }
    }        
}