{
    "chart": {
        "type": "area",
        "inverted" : false,
        "backgroundColor": null,
        "height": "180"
    },
    "title": {
        "text" : "",
        "align": "left"
    },
    "xAxis": {
        "labels" : {
            "enabled": true
        },
        "minorTickLength" : 0,
        "tickLength" : 0
    },
    "yAxis": {
        "min": 0,
        "title": {
            "text": ""
        },
        "gridLineColor": "transparent"
    },
    "legend" : {
        "enabled":true,
        "align" : "center",
        "verticalAlign" : "bottom",
        "layout":"horizontal"
    },
    "plotOptions": {
        "area": {
            "stacking": "normal",
            "marker": {
                "enabled": false,
                "symbol": "circle",
                "radius": 2,
                "states": {
                    "hover": {
                        "enabled": true
                    }
                }
            }
        }
    }
}