{
    "chart": {
        "type": "heatmap",
        "plotBorderWidth": 1
    },

    "title": {
        "text": "",
        "align": "center"
    },

    "xAxis": {
        "gridLineWidth": 1,
         "title":{
                    "text": ""
                },
        "tickInterval":  1,
        "gridLineWidth": 1,
        "tickLength": 0,
        "lineWidth": 0,
        "min": 0,
        "max": ""
    },

    "yAxis": {
        "startOnTick": false,
        "endOnTick": false,
        "title":{
                    "text": ""
                },
        "tickInterval":  1,
        "gridLineWidth": 1,
        "tickLength": 0,
        "lineWidth": 0,
        "min": 0,
        "max": ""
    },
    "colorAxis": {
        "min": 0,
        "minColor": "#80DAFA",
        "maxColor": "#5585CA"
    },

       
    "tooltip": {
        "formatter":""
    },

    "series": [{
        "name": "",
        "borderWidth": 1,
        "data": ""
    }]
}