{
    "chart": {
        "type": "pie",
        "backgroundColor":null
    },
    "title": {
        "text": "",
        "align": "center"
    },
    "subtitle": {
        "text": "",
        "align": "center"
    },
    "legend" : {
        "align" : "center",
        "verticalAlign" : "bottom",
        "layout":"horizontal"
    },
    "plotOptions": {
        "pie": {
            "turboThreshold": 0,
            "allowPointSelect": true,
            "cursor": "pointer",
            "dataLabels": {
                "enabled": false
            },
            "showInLegend": true
        }
    },
    "pane": {
        "size": "50%"
    }
}