{
    "chart": {
        "type": "bullet",
        "inverted": true,
        "height": "0",
        "marginLeft": 100,
        "marginTop": 50,
        "marginBottom": 50,
        "backgroundColor":null
    },
    "title": {
        "text": "",
        "align": "center",
        "style": {
            "color": "#000000"
        }
    },
    "subtitle": {
        "text": "",
        "align": "center",
        "style": {
            "color": "#000000"
        }
    },
    "xAxis": {
        "categories": [],
        "labels": {
            "autoRotation": false,
            "style": {
                "color": ""
            }
        },
        "title": {
            "text": "",
            "style": {
                "color": "#000000"
            }
        }
    },
    "legend" : {
        "enabled": false,
        "align" : "center",
        "verticalAlign" : "bottom",
        "layout":"horizontal",
        "itemStyle":{
            "color":""
        },
        "navigation": {
            "activeColor": "",
            "inactiveColor": "",
          "style": {
            "color": ""
          }
        }
    },
    "plotOptions": {
         "series": {
            "pointPadding": 0.25,
            "borderWidth": 0,
            "color": "#000",
            "targetOptions": {
                "width": "200%"
            }
        }
    },
    "tooltip": {
        "enabled": true,
        "pointFormat": "<b>{point.y}</b> (with target at {point.target})"
    },
    "yAxis": {
        "gridLineWidth": 0,
        "title": {
            "text": "",
            "style": {
                "color": "#000000"
            }
        },
        "labels": {
            "style": {
                "color": ""
            },
            "enabled": true
        },
        "plotBands": [{
            "from": 0,
            "to": 120,
            "color": "#666"
        }, {
            "from": 120,
            "to": 160,
            "color": "#999"
        }, {
            "from": 160,
            "to": 200,
            "color": "#bbb"
        }]
    },
    "series": [{
        "name": "",
        "data": [{
            "y": 22,
            "target": 27
        }]
    }]
}