{
    "chart": {
        "type": "sankey",
        "backgroundColor": null
    },
    "title": {
        "text": "",
        "align": "center",
        "style": {
            "color": "#000000"
        }
    },
    "subtitle": {
        "text": "",
        "align": "center",
        "style": {
            "color": "#000000"
        }
    },
    "series": [{
        "keys": ["from", "to", "weight"],
        "data": [],
        "type": "sankey"
    }],
    "plotOptions": {
        "sankey": {
            "colorByPoint": true,
            "colors": ["#f68a89","#fcc78e","#53c0b7","#4cb1e4","#6978cd","#e8729b","#748fb1","#fd9d73"]
        }
    },

    "legend":{
        "navigation": {
            "activeColor": "",
            "inactiveColor": "",
          "style": {
            "color": ""
          }
        }
    }
}