{
        "chart": {
            "type": "columnrange",
            "inverted": true,
            "backgroundColor":null
        },
        "title": {
            "text": "",
            "align": "center"
        },
        "subtitle": {
            "text": "",
            "align": "center"
        },
        "xAxis": {
            "title": {
                "text": ""
            }
        },
        "yAxis": {
            "title": {
                "text": ""
            }
        },
        "legend" : {
            "align" : "center",
            "verticalAlign" : "bottom",
            "layout":"horizontal",
            "enabled":false
        },
        "plotOptions": {
            "columnrange": {
                "dataLabels": {
                    "enabled": true
                }
            }
        }
    }