{
    "title": {
        "text": ""
    },

    "mapNavigation": {
        "enabled": true,
        "buttonOptions": {
            "verticalAlign": "bottom"
        }
    },
    "colorAxis": {
        "min": 1,
        "type": "logarithmic",
        "minColor": "#e1e7f3",
        "maxColor": "#03359a"
    },
    "plotOptions" : {
        "series" : {
            "borderColor": "black",
            "borderWidth": 0.2,
            "states": {
                "hover": {
                    "borderWidth": 1
                }
            },
            "tooltip": {
                "valueSuffix": ""
            }    
        }
    }
}