{
    "chart": {
        "type": "gauge",
        "backgroundColor":null
    },
    "title": {
        "text": "",
        "align": "center"
    },
    "subtitle": {
        "text": "",
        "align": "center"
    },
    "legend" : {
        "align" : "center",
        "verticalAlign" : "bottom",
        "layout":"horizontal",
        "navigation": {
            "activeColor": "",
            "inactiveColor": "",
          "style": {
            "color": ""
          }
        }
    },
    "plotOptions": {
         "gauge": {
            "dataLabels": {
                "y": 0,
                "borderWidth": 0,
                "useHTML": true,
                "color": ""
            }
        }
    },
    "tooltip": {
        "enabled": false
    },

    "pane": {
        "startAngle": -90,
        "endAngle": 90,
        "background": {
            "backgroundColor": "#EEE",
              "innerRadius": "60%",
              "outerRadius": "100%",
              "shape": "arc"
        }
    },
   
    "yAxis": {
        "min": 0,
        "max": 0,
        "minorGridLineWidth": 0,
        "lineColor": "transparent",
        "minorTickInterval": "auto",
        "minorTickWidth": 1,
        "minorTickLength": 0,
        "minorTickPosition": "inside",
        "minorTickColor": "#666",

        "tickPixelInterval": 30,
        "tickWidth": 2,
        "tickPosition": "inside",
        "tickLength": 0,
        "tickColor": "#666",

        "title": {
            "text": ""
        },
        "labels": {
            "style": {
                "color": ""
            },
            "enabled": true,
            "distance": 25
        },
        "plotBands": [{
            "from": 0,
            "to": 120,
            "color": "#55BF3B"
        }, {
            "from": 120,
            "to": 160,
            "color": "#DDDF0D"
        }, {
            "from": 160,
            "to": 200,
            "color": "#DF5353"
        }]
    },
    "series": [{
        "name": "",
        "data": "",
        "dial": {
            "backgroundColor": ""
          },
        "dataLabels": {
            "style": {
              
            },
            "format": "<div><span>{y}</span>"
        }
    }]
}