{
    "chart": {
        "type": "treemap",
        "inverted" : false,
        "backgroundColor": null
    },    
    "title": {
        "text": "",
        "align": "center"
    },
    "subtitle": {
        "text": "",
        "align": "center"
    },
    
    "plotOptions": {
        "treemap": {
			"turboThreshold": 0,
            "colorByPoint": true,
            "colors": ["#f68a89","#fcc78e","#53c0b7","#4cb1e4","#6978cd","#e8729b","#748fb1","#fd9d73"]
        }
    },

    "legend":{
        "navigation": {
            "activeColor": "",
            "inactiveColor": "",
          "style": {
            "color": ""
          }
        }
    },
    
    "series": [{
        "type": "treemap",
        "allowDrillToNode": true,
        "alternateStartingDirection": true,
        "dataLabels": {
            "enabled": false
        },
        "levels": [{
            "level": 1,
            "layoutAlgorithm": "sliceAndDice",
            "dataLabels": {
                "enabled": true,
                "align": "left",
                "verticalAlign": "top",
                "style": {
                    "fontSize": "15px",
                    "fontWeight": "bold"
                }
            }
        }]        
    }]
}