{
    "chart": {
        "type": "line",
        "polar": true,
        "inverted" : false,
        "backgroundColor": null
    },
    "title": {
        "text": "",
        "align": "center",
         "style": {
            "color": ""
        }
    },  
    "subtitle": {
        "text": "",
        "align": "center",
        "style": {
            "color": ""
        }
    },
    "pane": {
        "size": "80%"
    },
    "xAxis": {
        "categories": ["Sales", "Marketing", "Development", "Customer Support",
                "Information Technology", "Administration"],
        "tickmarkPlacement": "on",
        "lineWidth": 0,
        "labels": {
            "style": {
                "color": ""
            }
        },
        "title":{
          "style": {
                "color": ""
            }  
        }
    },
    "yAxis": {
        "gridLineInterpolation": "polygon",
        "lineWidth": 0,
        "min": 0,
        "labels": {
            "style": {
                "color": ""
            }
        },
        "title":{
          "style": {
                "color": ""
            }  
        }
    },
    
    "legend": {
        "align": "right",
        "verticalAlign": "top",
        "y": 70,
        "layout": "vertical",
        "navigation": {
            "activeColor": "",
            "inactiveColor": "",
            "style": {
                "color": ""
            }
        },
        "itemStyle":{
            "color" : ""
        }
    },
    "tooltip": {
        "shared": true,
        "pointFormat": "<span style='color:{series.color}'>{series.name}: <b>${point.y:,.0f}</b><br/>"
    },
    "series": [{
        "name": "",
        "data": [],
        "pointPlacement": "on"
    }]
}