 {
    "title" : {
        "text": "",
        "left" : "left",
        "show" : "true"
    },
    "tooltip" : {
        "trigger": "axis"
    },
    "legend" : {
        "orient" : "horizontal",
        "top" : "top",
        "right": "10",
        "textStyle": {
            "color": "#333"
        },
        "data": ""
    },
    "xAxis" : [{
        "name":"",
        "splitLine": {
            "lineStyle": {
                "type": "dashed"
            }
        },
        "axisLine" : {   
            "show": true,
            "lineStyle": {
                "color": ""
            }
        }
    }],
    "yAxis" : [{
        "splitLine": {
            "lineStyle": {
                "type": "dashed"
            }
        },
        "axisLine" : {   
            "show": true,
            "lineStyle": {
                "color": ""
            }
        }
    }],
      "tooltip" : {
        "trigger": "axis",
        "showDelay" : 0,
        "axisPointer":{
            "show": true,
            "type" : "cross",
            "lineStyle": {
                "type" : "dashed",
                "width" : 1
            }
        }
    },
    "series": [{
        "name": "",
        "data": "",
        "type" : "scatter",
        "symbolSize": "",
        "label": {
            "emphasis": {
                "show": true,
                "formatter":"",
                "position": "top"
            }
        }
    }]
}