﻿{
"selfServiceBI" : [
   {
      "chartName" : "CCC",
      "chartCaption" : "CCC Chart Library",
      "properties" : 
        {
            "files"  :  {
               "charts" : [
                  "Area","StackedArea","Bar","StackedBar","StackedBar100","Bar_with_Line","Dot","HeatGrid","Line","StackedLine","Pie","Donut","Sunburst","Treemap","Waterfall"
               ],
               "chartProperties" :"true",
               "baseFolder" :"CCC",
               "js" : [],
               "css":[]
            },
            "datasourceExt" : "cda",
            "parameters" :"true"
        }
   },
   {
      "chartName" : "Saiku",
      "chartCaption" : "Saiku Analytics",
      "properties" : 
        {
         "files"     :  {
               "charts" : [
                  "Area","Bar","Dot","Heatgrid","Line","Multiplebar","Pie","StackedBar","StackedBar100","Sunburst","Treemap","Waterfall","Table"
               ],
               "chartProperties" :"true",
               "baseFolder" :"Saiku",
               "js" : [],
               "css":[]
         },
         "datasourceExt" : "saiku",
         "parameters" :"false"
        }
   },
   {
      "chartName" : "Table",
      "chartCaption" : "Data Tables",
      "properties" : 
        {
            "files"  :  {
               "charts" : [
                  "Table"
               ],
               "chartProperties" :"true",
               "baseFolder" :"CCC",
               "js" : [],
               "css":[]
            },
            "datasourceExt" : "cda",
            "parameters" :"true"
        }
   },
   {
      "chartName" : "Label",
      "chartCaption": "Label",
      "properties" : 
        {
            "files"  :  {
               "charts" : [
                  "Label"
               ],
               "chartProperties" :"true",
               "baseFolder" :"CCC",
               "js" : [],
               "css":[]
            },
            "datasourceExt" : "cda",
            "parameters" :"true"
        }
   },
   {
      "chartName" : "AmCharts",
      "chartCaption": "AmCharts",
      "properties" : 
        {
            "files"  :  {
               "charts" : [
                  "3D_column"
               ],
               "chartProperties" :"true",
               "baseFolder" :"AmCharts",
               "js" : [],
               "css":[]
            },
            "datasourceExt" : "cda",
            "parameters" :"true"
        }
   }

]
}
