{
    "chart": {
        "type": "area",
        "inverted" : false,
        "backgroundColor": null
    },
    "title": {
        "text": "",
        "align": "center"
    },
    "subtitle": {
        "text": "",
        "align": "center"
    },
    "xAxis": {
        "title": {
            "text": ""
        }
    },
    "yAxis": {
        "min": 0,
        "title": {
            "text": ""
        }
    },
    "legend" : {
        "enabled":false,
        "align" : "center",
        "verticalAlign" : "bottom",
        "layout":"horizontal"
    },
    "plotOptions": {
        "area": {
            "stacking": "normal",
            "marker": {
                "enabled": false,
                "symbol": "circle",
                "radius": 2,
                "states": {
                    "hover": {
                        "enabled": true
                    }
                }
            }
        }
    }
}