{
    "type": "bubble", 
    "width": "100%",
    "height": "100%",     
    "dataSource": {
        "chart": {
            "caption": "",
            "subCaption": "",
            "canvasBgAlpha": "0",
            "bgAlpha": "0",
            "xAxisName": "",
            "yAxisName": "",
            "xAxisMinValue": "0",
            "xAxisMaxValue": "",
            "yAxisMinValue": "0",
            "yAxisMaxValue": "",
            "adjustDiv":"0",
            "theme": "fint",
            "plotTooltext": "<div id='nameDiv' style='font-size: 14px; border-bottom: 1px dashed #666666; font-weight:bold; padding-bottom: 3px; margin-bottom: 5px; display: inline-block;'>$name :</div>{br}Units Sold : <b>$yDataValue</b>{br}Average Price: <b>$$xDataValue</b>{br}Profit Share : <b>$zvalue%</b>"
        },
        "categories": [
            {
                "category": ""
            }
        ]
    }
}