{
        "chart": {
            "type": "column",
        "backgroundColor":null
        },
        "title": {
            "text": "",
            "align": "center"
        },
        "subtitle": {
            "text": "",
            "align": "center"
        },
        "xAxis": {
            "title": {
                "text": ""
            }
        },
        "yAxis": {
            "min": 0,
            "title": {
                "text": ""
            }
        },
        "legend" : {
            "align" : "center",
            "verticalAlign" : "bottom",
            "layout":"horizontal"
        },
        "plotOptions" : {
            "column": {
                "stacking": "normal"
            }
        }
    }