{
    "chart": {
        "type": "sunburst",
        "inverted" : false,
        "backgroundColor": null
    },    
    "title": {
        "text": "",
        "align": "center",
        "style": {
            "color": "#000000"
        }
    },
    "subtitle": {
        "text": "",
        "align": "center",
        "style": {
            "color": "#000000"
        }
    },
    
    "plotOptions": {
        "sunburst": {
            "turboThreshold": 0,
            "colorByPoint": false,
            "colors": ["#f68a89","#fcc78e","#53c0b7","#4cb1e4","#6978cd","#e8729b","#748fb1","#fd9d73"]
        }
    },

    "legend":{
        "navigation": {
            "activeColor": "",
            "inactiveColor": "",
          "style": {
            "color": ""
          }
        }
    },
    "series": [{
        "type": "sunburst",
        "allowDrillToNode": true,
        "dataLabels": {
            "format": "{point.name}",
            "filter": {
                "property": "innerArcLength",
                "operator": ">",
                "value": 16
            }
        },
        "levels": [{
            "level": 1,
            "dataLabels": {
                "rotationMode": "parallel",
                "filter": {
                    "property": "outerArcLength",
                    "operator": ">",
                    "value": 50
                }
            }
        }]
    }]
}