﻿{
"selfServiceBI" : [
   {
      "chartName" : "CCC",
      "chartCaption" : "CCC Charts",
      "chartDatasource": ["cda","flexy"],
      "chartDefault" : true,
      "properties" : 
        {
            "files"  :  {
               "charts" : [
                   { "name": "Area", "caption": "Area", "category":"area", "measures" : 1, "dimensions" : 12 },
                   { "name": "StackedArea", "caption": "StackedArea", "category":"area", "measures" : 1, "dimensions" : 2 },
                   { "name": "Bar", "caption": "Bar", "category":"bar", "measures" : 1, "dimensions" : 12 },
                   { "name": "StackedBar", "caption": "StackedBar", "category":"bar", "measures" : 1, "dimensions" : 2 },
                   { "name": "StackedBar100", "caption": "StackedBar 100%", "category":"bar", "measures" : 1, "dimensions" : 2 },
                   { "name": "Bar_with_Line", "caption": "Bar with Line", "category":"bar", "measures" : 1, "dimensions" : 2 },
                   { "name": "Dot", "caption": "Dot", "category":"dot", "measures" : 1, "dimensions" : 12 },
                   { "name": "HeatGrid", "caption": "HeatGrid", "category":"heatgrid", "measures" : 1, "dimensions" : 12 },
                   { "name": "Line", "caption": "Line", "category":"line", "measures" : 1, "dimensions" : 1 },
                   { "name": "StackedLine", "caption": "StackedLine", "category":"line", "measures" : 1, "dimensions" : 2 },
                   { "name": "Pie", "caption": "Pie", "category":"pie", "measures" : 1, "dimensions" : 1 },
                   { "name": "Donut", "caption": "Donut", "category":"pie", "measures" : 1, "dimensions" : 1 },
                   { "name": "Sunburst", "caption": "Sunburst", "category":"pie", "measures" : 1, "dimensions" : 2 },
                   { "name": "Treemap", "caption": "Treemap", "category":"treemap", "measures" : 1, "dimensions" : 2 },
                   { "name": "Waterfall", "caption": "Waterfall", "category":"waterfall", "measures" : 2, "dimensions" : 2 }
               ],
               "maps" : [],
               "dynamicChart": true,
               "chartProperties" :"true",
               "editorProperties" : false,
               "baseFolder" :"CCC",
               "js" : [],
               "css":[]
            },
            "datasourceExt" : "cda",
            "parameters" :"true"
        }
   },
   {
      "chartName" : "Saiku",
      "chartCaption" : "Saiku Analytics",
      "chartDatasource": ["saiku"],
      "properties" : 
        {
         "files"     :  {
               "charts" : [
                   {"name": "Area", "caption":"Area"},
                   {"name": "Bar", "caption":"Bar"},
                   {"name": "Dot", "caption":"Dot"},
                   {"name": "Heatgrid", "caption":"Heatgrid"},
                   {"name": "Line", "caption":"Line"},
                   {"name": "Multiplebar", "caption":"Multiplebar"},
                   {"name": "Pie", "caption":"Pie"},
                   {"name": "StackedBar", "caption":"StackedBar"},
                   {"name": "StackedBar100", "caption":"StackedBar100"},
                   {"name": "Sunburst", "caption":"Sunburst"},
                   {"name": "Treemap", "caption":"Treemap"},
                   {"name": "Waterfall", "caption":"Waterfall"}
               ],
               "dynamicChart": false,
               "chartProperties" :"true",
               "editorProperties" : false,
               "baseFolder" :"Saiku",
               "js" : [],
               "css":[]
         },
         "datasourceExt" : "saiku",
         "parameters" :"false"
        }
   },
   {
      "chartName" : "Table",
      "chartCaption" : "Data Tables",
      "chartDatasource": [],
      "properties" : 
        {
            "files"  :  {
               "charts" : [
                  "Table"
               ],
               "dynamicChart": false,
               "chartProperties" :"true",
               "editorProperties" : false,
               "baseFolder" :"CCC",
               "js" : [],
               "css":[]
            },
            "datasourceExt" : "cda",
            "parameters" :"true"
        }
   },
   {
      "chartName" : "Label",
      "chartCaption": "Label",
      "chartDatasource":[],
      "properties" : 
        {
            "files"  :  {
               "charts" : [
                  "Label"
               ],
               "dynamicChart": false,
               "chartProperties" :"true",
               "editorProperties" : false,
               "baseFolder" :"CCC",
               "js" : [],
               "css":[]
            },
            "datasourceExt" : "cda",
            "parameters" :"true"
        }
   },
   {
      "chartName" : "HighChart",
      "chartCaption" : "HighChart",
      "chartDatasource": ["cda","flexy"],
      "properties" : 
        {
            "files"  :  {
               "charts" : [
                    { "name": "Area", "caption": "Area", "category":"area", "measures" : 1 , "dimensions" : 12 },
                    { "name": "Bar", "caption": "Bar", "category":"bar", "measures" : 1, "dimensions" : 12 },
                    { "name": "StackedBar", "caption": "Stacked Bar", "category":"bar", "measures" : 1, "dimensions" : 2 },
                    { "name": "Column", "caption": "Column", "category":"bar", "measures" : 1, "dimensions" : 12 },
                    { "name": "StackedColumn", "caption": "Stacked Column", "category":"bar", "measures" : 1, "dimensions" : 2 },
                    { "name": "ColumnRange", "caption": "Column Range", "category":"bar", "measures" : 2, "dimensions" : 1 },
                    { "name": "Line", "caption": "Line", "category":"line", "measures" : 1, "dimensions" : 12 },
                    { "name": "Spline", "caption": "Spline", "category":"line", "measures" : 1, "dimensions" : 12 },
                    { "name": "Pie", "caption": "Pie", "category":"pie", "measures" : 1, "dimensions" : 1 },
                    { "name": "Donut", "caption": "Donut", "category":"pie", "measures" : 1, "dimensions" : 1 },
                    { "name": "Columns", "caption": "Columns", "category":"multiaxis", "measures" : 2, "dimensions" : 1 },
                    { "name": "Line_Column", "caption": "Line-Column", "category":"multiaxis", "measures" : 2, "dimensions" : 1 },
                    { "name": "Area_Column", "caption": "Area-Column", "category":"multiaxis", "measures" : 2, "dimensions" : 1 },
                    { "name": "HeatMap", "caption": "HeatMap", "category":"heatmap", "measures" : 1, "dimensions" : 2 },
                    { "name": "Treemap", "caption": "Treemap", "category":"treemap", "measures" : 1, "dimensions" : 123 },
                    { "name": "SolidGauge", "caption": "SolidGauge", "category":"solidgauge", "measures" : 1, "dimensions" : 1 },
                    { "name": "Bubble", "caption": "Bubble", "category":"bubble", "measures" : 3, "dimensions" : 12 },
                    { "name": "Sankey", "caption": "Sankey", "category":"sankey", "measures" : 1, "dimensions" : 2 },
                    { "name": "Bullet", "caption": "Bullet", "category":"bullet", "measures" : 2, "dimensions" : 1 },
                    { "name": "Sunburst", "caption": "Sunburst", "category":"sunburst", "measures" : 1, "dimensions" : 123 },
                    { "name": "Scatter", "caption": "Scatter", "category":"scatter", "measures" : 2, "dimensions" : 12 },
                    { "name": "Radar", "caption": "Radar", "category":"line", "measures" : 1, "dimensions" : [1,2] } ,
                    { "name": "Variablepie", "caption": "Variablepie", "category":"pie", "measures" : 2, "dimensions" : [1] }
          
               ],
               "dynamicChart": true,
               "chartProperties" :"true",
               "editorProperties" : true,
               "baseFolder" :"HighChart",
               "js" : [],
               "css":[]
            },
            "datasourceExt" : "cda",
            "parameters" :"true"
        }
   },
   {
      "chartName" : "Echarts",
      "chartCaption" : "Echarts",
      "chartDatasource": ["cda","flexy"],
      "properties" : 
        {
            "files"  :  {
                "charts" : [
                    { "name": "Area", "caption": "Area", "category":"area", "measures" : 1 , "dimensions" : 12 },
                    { "name": "StackedArea", "caption": "StackedArea", "category":"area", "measures" : 1 , "dimensions" : 2 },
                    { "name": "Bar", "caption": "Bar", "category":"bar", "measures" : 1, "dimensions" : 12 },
                    { "name": "StackedBar", "caption": "StackedBar", "category":"bar", "measures" : 1, "dimensions" : 2 },
                    { "name": "Column", "caption": "Column", "category":"bar", "measures" : 1, "dimensions" : 12 },
                    { "name": "StackedColumn", "caption": "StackedColumn", "category":"bar", "measures" : 1, "dimensions" : 2 },
                    { "name": "Line", "caption": "Line", "category":"line", "measures" : 1, "dimensions" : 1 },
                    { "name": "StackedLine", "caption": "StackedLine", "category":"bar", "measures" : 1, "dimensions" : 2 },
                    { "name": "Pie", "caption": "Pie", "category":"pie", "measures" : 1, "dimensions" : 1 },
                    { "name": "Bubble", "caption": "Bubble", "category":"bubble", "measures" : 3, "dimensions" : 12 }
                  ],
                "maps" : [],
                "dynamicChart": true,
                "chartProperties" :"true",
                "editorProperties" : true,
                "baseFolder" :"Echarts",
                "js" : [],
                "css":[]
            },
            "datasourceExt" : "cda",
            "parameters" :"true"
        }
   },{
      "chartName" : "Fusionchart",
      "chartCaption" : "Fusionchart",
      "chartDatasource": ["cda","flexy"],
      "properties" : 
        {
            "files"  :  {
               "charts" : [
                    { "name": "Area", "caption": "Area", "category":"area", "measures" : 1 , "dimensions" : 1 },
                    { "name": "StackedArea", "caption": "StackedArea",  "category":"area", "measures" : 1 , "dimensions" : 2 },
                    { "name": "Bar", "caption": "Bar", "category":"bar", "measures" : 1, "dimensions" : 1 },
                    { "name": "StackedBar", "caption": "StackedBar", "category":"bar", "measures" : 1, "dimensions" : 2 },
                    { "name": "Column", "caption": "Column", "category":"bar", "measures" : 1, "dimensions" : 1 },
                    { "name": "ScrollColumn", "caption": "ScrollColumn", "category":"bar", "measures" : 2, "dimensions" : 12 },
                    { "name": "StackedColumn", "caption": "StackedColumn", "category":"bar", "measures" : 1, "dimensions" : 2 },
                    { "name": "Line", "caption": "Line", "category":"line", "measures" : 1, "dimensions" : 1 },
                    { "name": "StackedLine", "caption": "StackedLine", "category":"line", "measures" : 1, "dimensions" : 2 },
                    { "name": "Pie", "caption": "Pie", "category":"pie", "measures" : 1, "dimensions" : 1 },
                    { "name": "Donut", "caption": "Donut", "category":"pie", "measures" : 1, "dimensions" : 1 },
                    { "name": "Bubble", "caption": "Bubble", "category":"bubble", "measures" : 3, "dimensions" : 12 }
               ],
               "maps" : [],
               "dynamicChart": true,
               "chartProperties" :"true",
               "editorProperties" : true,
               "baseFolder" :"Fusioncharts",
               "js" : [],
               "css":[]
            },
            "datasourceExt" : "cda",
            "parameters" :"true"
        }
   }
  ]
}
