{
    "chart": {
        "type": "scatter",
        "plotBorderWidth": 1,
        "zoomType": "xy",
        "backgroundColor": null
    },

    "title": {
        "text": "",
        "align": "center",
        "style": {
            "color": "#000000"
        }
    },
    "subtitle": {
        "text": "",
        "align": "center",
        "style": {
            "color": "#000000"
        }
    },

    "xAxis": {
        
        "title":{
            "text": "",
            "style": {
                "color": "#000000"
            }
        },
        "labels": {
            "style": {
                "color": ""
            }
        }
    },

    "yAxis": {
        "startOnTick": false,
        "endOnTick": false,
        "title":{
            "text": "",
            "style": {
                "color": "#000000"
            }
        },
        "labels": {
            "style": {
                "color": ""
            }
        }
    },
    "legend" : {
        "layout": "vertical",
        "align": "left",
        "verticalAlign": "top",
        "x": 80,
        "y": 70,
        "floating": true,
        "backgroundColor": null,
        "borderWidth": 1,
        "itemStyle":{
            "color":""
        },
        "navigation": {
            "activeColor": "",
            "inactiveColor": "",
            "style": {
                "color": ""
            }
        }
    },
     
    "tooltip": {
        "useHTML": true,
        "headerFormat": "<table>",
        "pointFormat": "<tr><th colspan='2'><h3>{point.name}</h3></th></tr><tr>(<td>{point.x}</td>,<td>{point.y}</td>),Size:<td>{point.z}</td></tr>",
        "footerFormat": "</table>",
        "followPointer": true
      },
    "plotOptions": {
        "scatter": {
            "marker": {
                "radius": 5,
                "states": {
                    "hover": {
                        "enabled": true,
                        "lineColor": "rgb(100,100,100)"
                    }
                }
            }
        }
    },
    "series": [ {
        "name": "",
        "data": []
    }]

}