{
    "chart": {
        "type": "bubble",
        "plotBorderWidth": 1,
        "zoomType": "xy"
    },

    "title": {
        "text": "",
        "align": "center"
    },

    "xAxis": {
        "gridLineWidth": 1,
         "title":{
                    "text": ""
                }
    },

    "yAxis": {
        "startOnTick": false,
        "endOnTick": false,
        "title":{
                    "text": ""
                }
    },
     
    "tooltip": {
        "useHTML": true,
        "headerFormat": "<table>",
        "pointFormat": "<tr><th colspan='2'><h3>{point.name}</h3></th></tr><tr>(<td>{point.x}</td>,<td>{point.y}</td>),Size:<td>{point.z}</td></tr>",
        "footerFormat": "</table>",
        "followPointer": true
      },
    "plotOptions": {
        "bubble": {
            "minSize": 1,
            "maxSize": 50
        }
    }

}